date,temp,humidity,windspeed,sealevelpressure,moonphase
2018-01-01,28.8,49.6,6.5,1027.7,0.47
2018-01-02,28.6,50.7,10.2,1029.1,0.5
2018-01-03,24.7,42.4,10.3,1031.1,0.53
2018-01-04,22.7,47.5,6,1028.3,0.57
2018-01-05,26.1,53.3,9.1,1021.6,0.6
2018-01-06,26.3,52.3,6.1,1023.8,0.63
2018-01-07,28.6,53.2,4.3,1022.6,0.67
2018-01-08,34.8,53.2,14.8,1012.3,0.7
2018-01-09,26.2,58.7,14,1013.5,0.75
2018-01-10,19.7,57.3,18.1,1018.3,0.77
2018-01-11,13.3,50,9.3,1026.4,0.8
2018-01-12,13.2,40.8,6.6,1031.8,0.83
2018-01-13,24.4,67,6.8,1032.3,0.87
2018-01-14,31.9,67.8,10.2,1029.8,0.9
2018-01-15,39.9,63.1,7.8,1023.9,0.93
2018-01-16,36.8,66.3,5.4,1019,0.97
2018-01-17,38.9,69,11.3,1017.9,0
2018-01-18,35.8,64.2,9.5,1023.3,0.04
2018-01-19,33.4,46,8.1,1024.7,0.07
2018-01-20,34.8,62.4,8.1,1022.9,0.1
2018-01-21,31.2,48.4,5,1023.9,0.14
2018-01-22,33,58.7,14.5,1016.4,0.17
2018-01-23,13.6,45.9,16.4,1023.8,0.21
2018-01-24,8,32.2,15.5,1029.5,0.24
2018-01-25,8,33.8,12.7,1030.7,0.25
2018-01-26,6.4,34.8,13.8,1030.2,0.31
2018-01-27,13.2,42.2,6.5,1029.7,0.35
2018-01-28,22.4,36.6,12.2,1023.2,0.38
2018-01-29,17.6,38,17.2,1024,0.42
2018-01-30,21.2,60.2,7.4,1026,0.45
2018-01-31,28.5,56.3,8.6,1027.4,0.5
2018-02-01,24.3,48.2,7.3,1029.4,0.52
2018-02-02,26.2,52.8,6.8,1028.9,0.55
2018-02-03,20.9,49.4,13.6,1028.3,0.58
2018-02-04,15.9,40.7,10.8,1028.7,0.62
2018-02-05,16.1,37.7,14.2,1026.8,0.65
2018-02-06,15.1,35.8,10.3,1025.6,0.68
2018-02-07,16.8,42.6,6.7,1026.9,0.71
2018-02-08,22.6,49.9,4.9,1025.3,0.75
2018-02-09,31.2,48.2,10.3,1023.1,0.78
2018-02-10,32.4,49.6,14.9,1021.6,0.81
2018-02-11,21.6,41.4,12.5,1022.7,0.84
2018-02-12,21.5,43.1,13.5,1022.4,0.88
2018-02-13,28.9,59.3,13.9,1022.3,0.91
2018-02-14,38.8,53.5,14.5,1017.1,0.94
2018-02-15,31.4,30.5,8.5,1022.4,0.98
2018-02-16,29.7,44.6,11.2,1019.3,0
2018-02-17,27.5,29,13.3,1024.6,0.04
2018-02-18,30.4,31.2,6.6,1026.6,0.08
2018-02-19,34,50.1,6.6,1024.6,0.11
2018-02-20,33.1,48.7,11.3,1023.6,0.15
2018-02-21,31.4,31.1,9.6,1024.5,0.19
2018-02-22,33.5,58,12.7,1022.3,0.22
2018-02-23,39.4,78.2,12.7,1020.6,0.25
2018-02-24,36.9,54.6,8.3,1027.3,0.29
2018-02-25,35.2,43.8,7.6,1025.7,0.33
2018-02-26,35.8,51,6.9,1025,0.36
2018-02-27,38.2,54,4.3,1023.6,0.4
2018-02-28,39.6,73,10.1,1012.3,0.43
2018-03-01,33.7,65,18.6,1010.6,0.47
2018-03-02,30.5,40.8,7.8,1018.9,0.5
2018-03-03,44.9,39.8,11.6,1014.6,0.54
2018-03-04,49.7,86.8,13.5,1014,0.57
2018-03-05,43,68.3,13.4,1017.1,0.6
2018-03-06,38.9,55,8.1,1029.4,0.63
2018-03-07,42.7,54.8,13.8,1028.2,0.66
2018-03-08,40.6,77.5,11,1020.4,0.7
2018-03-09,40.2,66.4,7.9,1023.2,0.75
2018-03-10,39.5,67.1,10.4,1024.3,0.76
2018-03-11,43.2,59.3,7.9,1025.4,0.79
2018-03-12,45,54.3,8.1,1022.9,0.83
2018-03-13,52.7,64.2,14.7,1019.1,0.86
2018-03-14,61.7,60.4,15.7,1019.1,0.89
2018-03-15,55.2,88.4,11.7,1013.9,0.92
2018-03-16,45.4,54.6,10.5,1023.8,0.95
2018-03-17,43.9,50.1,9,1027.8,0
2018-03-18,46.7,58.3,6.5,1022,0.02
2018-03-19,47,69.9,12.7,1016.6,0.06
2018-03-20,42.1,41.4,18.5,1023.8,0.09
2018-03-21,36.6,57.4,13.3,1018.9,0.13
2018-03-22,40.9,62.6,11.5,1015,0.16
2018-03-23,42.2,59.8,8,1019.4,0.2
2018-03-24,45.6,63.6,9.1,1022.3,0.24
2018-03-25,48.9,66.7,7.4,1024.7,0.25
2018-03-26,51.6,68.1,9.7,1022.2,0.31
2018-03-27,54.6,65.2,10.3,1018.2,0.34
2018-03-28,57.1,67.9,13.8,1017,0.38
2018-03-29,59.4,68.9,8.2,1019.8,0.41
2018-03-30,57.1,59.9,12,1023.2,0.45
2018-03-31,56.5,57.9,10.7,1020.9,0.5
2018-04-01,59.2,69.4,8.4,1017,0.52
2018-04-02,64.5,67.7,13.3,1015.8,0.55
2018-04-03,64.4,71.2,10.8,1016.8,0.58
2018-04-04,56.2,71.9,10.3,1017.8,0.62
2018-04-05,47.4,83.6,13.6,1017,0.65
2018-04-06,44.2,72.2,17.9,1011.9,0.68
2018-04-07,40.6,46.7,18.3,1013.9,0.71
2018-04-08,40.2,57.7,10.8,1015.6,0.75
2018-04-09,45.3,63.8,5.3,1018,0.78
2018-04-10,58.6,53.4,27.8,1011.4,0.81
2018-04-11,55.4,54,14.3,1010.6,0.84
2018-04-12,54.8,37.9,12.8,1017.6,0.87
2018-04-13,57.1,30.6,11.4,1022.8,0.9
2018-04-14,49.7,73,9.6,1010.8,0.94
2018-04-15,49.4,66.9,10.7,1012.4,0.97
2018-04-16,52.4,50.2,8.5,1019.5,0
2018-04-17,55,43,11.6,1020.2,0.04
2018-04-18,54.7,40.4,10,1018,0.07
2018-04-19,56.8,43,10.5,1017.9,0.11
2018-04-20,63.3,51.9,8.4,1019.8,0.14
2018-04-21,64.3,41.6,10.1,1018.4,0.18
2018-04-22,60.4,58.6,9.4,1018.6,0.22
2018-04-23,50.8,86.9,11.7,1016.2,0.25
2018-04-24,54.2,67,13.4,1012.1,0.29
2018-04-25,56.9,45.8,8.4,1013.7,0.32
2018-04-26,58.6,55.1,10.8,1014.2,0.36
2018-04-27,58.8,57.2,8.5,1014.3,0.4
2018-04-28,59.1,55,10.9,1016.8,0.43
2018-04-29,60,49.8,8.4,1014,0.47
2018-04-30,65.1,63.4,7.6,1014.6,0.5
2018-05-01,68.5,74.4,8.4,1014.2,0.54
2018-05-02,61.2,87.1,15.5,1005.5,0.57
2018-05-03,52.9,63.9,17.1,1007.8,0.6
2018-05-04,57.9,47.3,19.7,1011.7,0.63
2018-05-05,63.8,51.2,13.9,1015.2,0.66
2018-05-06,62.5,82.9,7.2,1008.6,0.7
2018-05-07,65.4,66.9,5.9,1006.6,0.73
2018-05-08,64,55.8,12.5,1013.5,0.75
2018-05-09,59.5,53.4,7.7,1021,0.79
2018-05-10,59.7,67.6,10.2,1022.6,0.83
2018-05-11,60.6,64.3,7.4,1019.1,0.86
2018-05-12,57.9,85,9.4,1011,0.89
2018-05-13,60.8,82.3,8.4,1008.2,0.92
2018-05-14,63.7,75.4,7.2,1011.7,0.96
2018-05-15,72.9,61.8,9.1,1010.5,0
2018-05-16,72.9,87.5,12.7,1005.4,0.02
2018-05-17,70.5,93.4,5.9,1004.3,0.06
2018-05-18,62.5,88,10.4,1005.5,0.09
2018-05-19,63.5,53.8,9.2,1015.7,0.13
2018-05-20,62.8,41.6,10.3,1019.6,0.16
2018-05-21,62.9,48.8,10.1,1018.5,0.2
2018-05-22,64.6,75.3,5.9,1013.2,0.25
2018-05-23,63.9,63.7,11.9,1008.5,0.27
2018-05-24,64.9,51.8,12.5,1009.9,0.31
2018-05-25,67.3,50.3,8.8,1008.9,0.34
2018-05-26,69.9,54.6,11.1,1008.9,0.38
2018-05-27,68.6,53.1,7.1,1010.5,0.41
2018-05-28,71.1,55.3,12,1010,0.45
2018-05-29,70.7,68.3,8.3,1011.5,0.5
2018-05-30,68.8,72.6,8.6,1010.3,0.52
2018-05-31,68.8,63.7,7.4,1011.5,0.55
2018-06-01,74,54.9,9.7,1014.7,0.58
2018-06-02,73.6,48.8,10.8,1015.4,0.62
2018-06-03,73.6,47.1,9,1013.4,0.65
2018-06-04,72.6,52.8,8.2,1012.9,0.68
2018-06-05,74.6,56.3,9.9,1011.9,0.71
2018-06-06,72.9,64.7,9.1,1012.1,0.75
2018-06-07,71.5,71.2,9.7,1012,0.75
2018-06-08,71,69.4,7.4,1009.3,0.81
2018-06-09,74.3,65.3,8.5,1007.3,0.85
2018-06-10,70.4,63.3,9,1005.2,0.88
2018-06-11,69.1,64.7,8.6,1001.1,0.91
2018-06-12,70.1,68.6,15.3,1002.8,0.94
2018-06-13,71.5,66.2,10.1,1006.3,0.98
2018-06-14,71.1,71.6,9.6,1007.8,0
2018-06-15,71.7,59.8,10.9,1010.8,0.05
2018-06-16,71.6,56.3,7.9,1012.4,0.08
2018-06-17,72.3,69.2,7.6,1010.7,0.11
2018-06-18,76.1,60.3,8.9,1007.2,0.15
2018-06-19,72.1,64.4,8.6,1005.2,0.18
2018-06-20,72.6,68.9,10.4,1003.9,0.25
2018-06-21,74.2,62.9,10.8,1006.9,0.25
2018-06-22,76.1,52.2,9.2,1008.6,0.29
2018-06-23,75.7,52.1,9.1,1005,0.32
2018-06-24,76.8,65.1,8.6,1007.9,0.36
2018-06-25,79.5,61.6,6.5,1010.4,0.39
2018-06-26,73.1,83.9,18.3,1004.8,0.43
2018-06-27,72.4,82.1,11.4,1002.2,0.46
2018-06-28,74.2,84.2,10.3,999.9,0.5
2018-06-29,76.4,79.1,9.3,1002.5,0.53
2018-06-30,76.1,82.2,6.1,1009.4,0.56
2018-07-01,71.9,92.5,9.4,1009.8,0.6
2018-07-02,73.1,92.1,8.6,1007.8,0.63
2018-07-03,80.1,78,10.5,1000.9,0.66
2018-07-04,81,72.9,8.3,997.5,0.7
2018-07-05,77.7,76.3,10,1002.8,0.73
2018-07-06,75.4,61.2,12.7,1007.8,0.75
2018-07-07,74.4,55.8,8.7,1010.3,0.8
2018-07-08,73.1,54.6,9.6,1012.3,0.83
2018-07-09,69.9,80.1,9.1,1015,0.87
2018-07-10,74.6,86,7.3,1014.5,0.9
2018-07-11,80.3,83.1,9.5,1014.9,0.93
2018-07-12,80,82.3,8.4,1013.5,0.97
2018-07-13,80.8,77,8.5,1012.4,0
2018-07-14,81.5,73.8,7.5,1011.4,0.03
2018-07-15,81.9,73.5,7.1,1012.2,0.07
2018-07-16,82.9,67.9,9.1,1012.3,0.1
2018-07-17,81.4,70.1,8.7,1012.2,0.14
2018-07-18,81.6,69.3,9,1011.8,0.17
2018-07-19,82.2,68.5,7.5,1011.1,0.2
2018-07-20,83.8,67.4,7.6,1009.4,0.25
2018-07-21,85.4,61.1,9.2,1008.9,0.27
2018-07-22,87.3,57.6,8,1008.5,0.31
2018-07-23,88.2,58.8,8,1008.8,0.34
2018-07-24,88.8,62.9,8.6,1007.3,0.37
2018-07-25,86.2,68,10.3,1007.3,0.41
2018-07-26,85.9,71.4,8.2,1007.3,0.44
2018-07-27,87.4,72,8.5,1006.9,0.48
2018-07-28,84.7,80.4,5.5,1005.9,0.5
2018-07-29,87.6,59.6,12.7,1004,0.54
2018-07-30,88.3,55.1,7.8,1004,0.58
2018-07-31,89.5,54.7,7.4,1004.6,0.61
2018-08-01,91.1,61.4,8.4,1003.1,0.65
2018-08-02,91.8,58.6,7,1005.1,0.68
2018-08-03,91,60.9,9.8,1006.8,0.72
2018-08-04,87.9,63.2,9.8,1008,0.75
2018-08-05,85.6,74.8,11.2,1007.4,0.75
2018-08-06,86.4,75.8,8.2,1006.6,0.82
2018-08-07,86.6,66.3,7.5,1007.1,0.85
2018-08-08,86.9,68.5,11.4,1006.7,0.89
2018-08-09,83.2,79.9,8.4,1004.5,0.92
2018-08-10,86.3,68.4,9.1,1003.2,0.96
2018-08-11,87.2,61.2,7.8,1005.1,0
2018-08-12,87,60.4,8.8,1007,0.02
2018-08-13,86.4,72.9,8.1,1010,0.06
2018-08-14,88.2,64.4,8.1,1010,0.09
2018-08-15,88.4,64.2,10.1,1007.3,0.12
2018-08-16,86.2,56.5,13,1008.8,0.16
2018-08-17,80.8,42.2,10.4,1012.5,0.19
2018-08-18,79.5,47.5,9.4,1011.3,0.25
2018-08-19,81.2,56.7,6.5,1009.9,0.26
2018-08-20,83.7,60.2,15.6,1005.9,0.29
2018-08-21,79.9,74.6,15.1,1003.4,0.32
2018-08-22,86.2,63.9,10.6,1004.6,0.36
2018-08-23,84.9,62.3,10.2,1000.8,0.39
2018-08-24,76.3,85.4,10.4,996.5,0.42
2018-08-25,77.4,72.2,12.5,1008.7,0.45
2018-08-26,72.9,75.2,11.2,1012.2,0.5
2018-08-27,72.6,89.5,9.7,1011.6,0.52
2018-08-28,75.2,91.9,9.4,1011.6,0.56
2018-08-29,77.9,85.6,14.7,1009.3,0.59
2018-08-30,78.7,81.5,8.3,1009.1,0.63
2018-08-31,77.4,71.9,9.2,1010.3,0.66
2018-09-01,77.3,66.6,9.3,1011.5,0.7
2018-09-02,76.9,58.1,9,1009.8,0.73
2018-09-03,75.2,80.6,7.9,1002.6,0.75
2018-09-04,74.3,72.9,13.1,997.7,0.8
2018-09-05,74.7,66.2,13.8,1002.6,0.84
2018-09-06,75.2,74.3,14.7,1004.6,0.87
2018-09-07,71.5,61.9,9.8,1005,0.91
2018-09-08,69.5,58.2,9.4,1013.3,0.94
2018-09-09,70.3,58.6,7.7,1016.2,0.98
2018-09-10,72.4,56.4,7.5,1020.5,0
2018-09-11,70.3,53.4,10.1,1021.2,0.04
2018-09-12,71.7,57.8,9.2,1018.5,0.08
2018-09-13,73.1,67.7,7.4,1017.2,0.11
2018-09-14,73.6,71.3,7.3,1015.8,0.14
2018-09-15,73.1,79.9,5,1014.7,0.17
2018-09-16,72,83.9,6.7,1015.3,0.21
2018-09-17,71.5,69.6,9.2,1017.1,0.25
2018-09-18,70.8,66.6,7.3,1016.9,0.27
2018-09-19,71.1,66.8,5.2,1014.5,0.3
2018-09-20,66.6,81.3,8.9,1011,0.34
2018-09-21,67.4,84.7,6.4,1010.3,0.37
2018-09-22,69.6,66.3,11.9,1014.4,0.4
2018-09-23,66.5,60.9,9.7,1016,0.44
2018-09-24,63.1,55.1,12.4,1018.7,0.47
2018-09-25,62.5,58.2,8.1,1019.9,0.5
2018-09-26,65.7,55.6,8.5,1020,0.54
2018-09-27,65,54.4,6.8,1019.1,0.57
2018-09-28,63.2,62,8,1018.8,0.61
2018-09-29,66.8,64.2,5.8,1014.7,0.64
2018-09-30,63.6,59.5,12.3,1006.9,0.68
2018-10-01,60.1,56.1,14.5,1007.4,0.71
2018-10-02,59.4,65.4,7,1017,0.75
2018-10-03,61.6,66.2,6.7,1021.7,0.79
2018-10-04,65.2,62.8,7.5,1023.8,0.82
2018-10-05,62.7,82.4,8.2,1019.1,0.86
2018-10-06,64.7,83.4,17.3,1007.1,0.89
2018-10-07,62,62.7,9.7,1016.4,0.93
2018-10-08,57,55.6,5.6,1019.7,0.96
2018-10-09,58.2,61.7,7.6,1017,0
2018-10-10,55.8,60.1,12.9,1016.7,0.03
2018-10-11,49.8,54.5,16.8,1022.7,0.06
2018-10-12,50.7,59.5,5.2,1026.1,0.1
2018-10-13,53.2,63.8,4.6,1025.9,0.13
2018-10-14,54.5,64.8,5.4,1023.2,0.16
2018-10-15,58.5,74.8,6.9,1020.5,0.19
2018-10-16,57.2,62.9,5.7,1017.2,0.22
2018-10-17,53.7,60.4,8.8,1016.1,0.25
2018-10-18,52.9,67.4,11.1,1019.9,0.29
2018-10-19,54.1,61.5,6.6,1025.1,0.32
2018-10-20,54.3,63.8,6.4,1025.9,0.35
2018-10-21,54.3,60.8,6.7,1024,0.39
2018-10-22,55.7,59.5,7.2,1020.6,0.42
2018-10-23,54.1,76.2,9.4,1017.7,0.45
2018-10-24,53.4,71.1,6.6,1020.7,0.48
2018-10-25,54.9,66.3,3.4,1021,0.5
2018-10-26,54.8,74.3,10.8,1012.5,0.55
2018-10-27,48.5,52.2,17,1014.8,0.59
2018-10-28,47.5,75.2,10.7,1010.6,0.62
2018-10-29,45.5,64.4,13.3,1014.2,0.66
2018-10-30,42.7,53.4,8.2,1021.5,0.69
2018-10-31,45,59.9,7.6,1023.7,0.73
2018-11-01,45.7,60.6,8.5,1026.3,0.75
2018-11-02,49.3,63.3,4.4,1027.9,0.8
2018-11-03,50.2,65.7,7.6,1025.9,0.84
2018-11-04,50.5,63.4,6.4,1022.9,0.87
2018-11-05,51.7,71.6,5.1,1023.3,0.91
2018-11-06,52.5,76.5,5.4,1025.1,0.94
2018-11-07,55.4,81.8,6.8,1024.9,0.98
2018-11-08,55.1,89.6,11.8,1014.2,0
2018-11-09,54.6,68.9,15.6,1016.5,0.05
2018-11-10,52.8,71,7.5,1023.8,0.08
2018-11-11,46.3,74.4,8.6,1022.9,0.11
2018-11-12,45.5,59.9,6.1,1020.3,0.14
2018-11-13,46.1,61.6,6.9,1020,0.18
2018-11-14,47.8,63.8,5.6,1023.3,0.21
2018-11-15,47.5,66.8,4.7,1025,0.25
2018-11-16,47.6,68.6,8.6,1022.2,0.27
2018-11-17,40.8,56.3,6.8,1023.7,0.3
2018-11-18,42.1,56.9,5.9,1022.1,0.34
2018-11-19,43.4,59.6,9,1022.5,0.37
2018-11-20,42.3,44.5,9.6,1025.2,0.4
2018-11-21,43.2,65.8,9.7,1024.5,0.43
2018-11-22,36.7,41.6,11.5,1026.1,0.46
2018-11-23,34.2,39,6.9,1028.9,0.5
2018-11-24,37,68.7,11.6,1024.5,0.53
2018-11-25,40.6,78.7,4.7,1024.7,0.57
2018-11-26,41.5,75.2,4.7,1025.3,0.6
2018-11-27,44.2,71.1,7.4,1022.8,0.64
2018-11-28,40.9,33.4,6.2,1025,0.67
2018-11-29,37.3,49.3,6.1,1026.7,0.71
2018-11-30,35.8,55.9,7.3,1027.4,0.75
2018-12-01,40,51.1,5.1,1027.4,0.78
2018-12-02,43.9,60.4,7.4,1024.4,0.82
2018-12-03,52.5,83.2,7.9,1016.7,0.85
2018-12-04,46.4,76.3,13.2,1018.6,0.89
2018-12-05,32.4,43.3,9.1,1027.6,0.92
2018-12-06,36.8,52.6,13.4,1023.6,0.96
2018-12-07,20.9,37.9,16.8,1032.1,0
2018-12-08,18,38.4,11.9,1033.9,0.03
2018-12-09,19,33.4,7.6,1036.9,0.06
2018-12-10,25.7,42.8,6.6,1035,0.09
2018-12-11,31.4,51.6,7.8,1029.2,0.12
2018-12-12,28.9,43.8,8.5,1029.6,0.16
2018-12-13,28.5,57.8,15,1029.3,0.19
2018-12-14,23.5,51,5.9,1035.2,0.22
2018-12-15,25.8,54.4,4.1,1033.4,0.25
2018-12-16,31,65,6.9,1021.9,0.29
2018-12-17,35,62.2,9,1018.3,0.32
2018-12-18,34.6,61.5,8.8,1020.6,0.35
2018-12-19,37.3,61.3,6.1,1020.8,0.38
2018-12-20,35.6,56.2,5,1023.6,0.42
2018-12-21,38.3,54.6,4,1023.3,0.45
2018-12-22,42.8,54.6,7.3,1023.3,0.48
2018-12-23,37.9,45.8,13.7,1024.3,0.5
2018-12-24,27.9,39.6,5.6,1028.1,0.55
2018-12-25,31,56.9,7.3,1024.7,0.58
2018-12-26,30.9,44,13.1,1025.1,0.62
2018-12-27,15.5,27.7,13.9,1030.4,0.65
2018-12-28,12.9,35.9,9.3,1032.6,0.69
2018-12-29,19.1,30.1,13.8,1035.3,0.75
2018-12-30,18.7,41.4,5.2,1037.8,0.76
2018-12-31,20.8,48.4,5.9,1037.8,0.79
2019-01-01,22.4,57.3,12.6,1033.8,0.83
2019-01-02,21.8,49.6,7,1034.6,0.86
2019-01-03,24,46.1,5.7,1035.4,0.9
2019-01-04,27.1,61.8,6.6,1031.3,0.93
2019-01-05,26.9,46,10.2,1027.4,0.97
2019-01-06,25.2,43.2,7.5,1028.7,0
2019-01-07,26.5,56.1,7.1,1028.6,0.04
2019-01-08,25.9,38.1,16.8,1028.7,0.07
2019-01-09,22.5,34.5,5.5,1033.5,0.1
2019-01-10,30,48.5,6.7,1026.8,0.13
2019-01-11,35.5,64.3,5.7,1025.4,0.17
2019-01-12,36,54.8,6.9,1022.8,0.2
2019-01-13,31.9,60.6,6.5,1025.5,0.23
2019-01-14,31.9,74,3.9,1026,0.25
2019-01-15,30.3,60.7,14.9,1023.8,0.3
2019-01-16,22,44.2,7.6,1027.3,0.33
2019-01-17,30.7,53.9,9.8,1024.1,0.36
2019-01-18,30.1,51.2,7.3,1027.6,0.4
2019-01-19,36.2,64.6,6.2,1023.2,0.43
2019-01-20,31.6,41.6,16.2,1021.9,0.46
2019-01-21,28.9,57,10.4,1022.3,0.5
2019-01-22,32.5,66.9,10.2,1019.7,0.53
2019-01-23,34.2,54.3,13,1019.9,0.56
2019-01-24,30.8,37.3,8.1,1024.6,0.6
2019-01-25,29.1,36.9,14.5,1024.1,0.63
2019-01-26,27,31.6,11.3,1028.2,0.67
2019-01-27,29.3,54.9,9.3,1027.8,0.7
2019-01-28,35.5,43.6,14.9,1022.1,0.75
2019-01-29,29.5,41,5.9,1027.8,0.77
2019-01-30,33.9,58.5,8.6,1026.1,0.8
2019-01-31,30,33.3,10.2,1021.3,0.84
2019-02-01,26.9,49.7,8.5,1024.1,0.87
2019-02-02,33.7,61.5,9,1022.5,0.91
2019-02-03,38.5,87.2,9.7,1012.9,0.94
2019-02-04,31.8,44,10.3,1025,0.97
2019-02-05,35.1,46.2,7.3,1022.2,0
2019-02-06,39.6,58.2,7.8,1016.5,0.04
2019-02-07,31,49.6,16.2,1021.6,0.08
2019-02-08,21,34,10.4,1026.7,0.11
2019-02-09,23.2,32.3,10.9,1027.7,0.14
2019-02-10,22.9,35.4,5.5,1031.1,0.18
2019-02-11,26.8,37.7,11.5,1031.5,0.21
2019-02-12,30.6,40.2,9.6,1034.1,0.25
2019-02-13,28.3,31.6,11.1,1033.1,0.25
2019-02-14,29.9,30.4,7.1,1031.5,0.31
2019-02-15,31.4,70.4,6.5,1024.1,0.35
2019-02-16,28.8,59.2,7.2,1023.9,0.38
2019-02-17,29.1,49.6,6.8,1026,0.41
2019-02-18,32.7,51.3,4.5,1025.7,0.45
2019-02-19,35.1,80.2,7.4,1019.3,0.48
2019-02-20,36.3,67.6,6.2,1024.6,0.5
2019-02-21,35.9,62.3,5.8,1026.7,0.55
2019-02-22,37.1,63.4,7.6,1022.2,0.58
2019-02-23,41.7,51.2,6.9,1023,0.62
2019-02-24,42,50.4,5,1022.8,0.65
2019-02-25,40.9,62.3,8.4,1021.4,0.68
2019-02-26,40.4,40.4,5.8,1023.7,0.75
2019-02-27,46.2,39.5,6.9,1021.4,0.75
2019-02-28,43.3,46,6.9,1018.7,0.78
2019-03-01,42.4,50.6,9.3,1021.7,0.82
2019-03-02,43.2,50,6.7,1019.7,0.85
2019-03-03,46.5,44.8,7.6,1013.6,0.88
2019-03-04,48.6,50.4,8.8,1013.1,0.92
2019-03-05,46,68.5,9,1020.2,0.95
2019-03-06,46.4,62.5,5.9,1016.3,0.98
2019-03-07,45.5,56.7,9.3,1018.7,0
2019-03-08,42.9,41.7,7,1024.5,0.05
2019-03-09,43.3,41,4.9,1022.1,0.09
2019-03-10,50.3,30.1,6.1,1014,0.12
2019-03-11,43.4,64.2,6.2,1009.1,0.15
2019-03-12,40.8,59.8,8.2,1010.6,0.19
2019-03-13,39,37.1,21.2,1019.2,0.22
2019-03-14,39.3,46.4,7.5,1023,0.25
2019-03-15,42.6,72.2,4.6,1017.5,0.29
2019-03-16,40.5,69.2,12.1,1020.3,0.33
2019-03-17,43.2,60.2,8.4,1022.7,0.36
2019-03-18,43.9,49.7,5.4,1020.4,0.4
2019-03-19,48.4,55.7,5.1,1016.6,0.43
2019-03-20,49.9,80.3,4,1011.5,0.47
2019-03-21,46.9,78.7,9.2,1007,0.5
2019-03-22,38.9,43.9,8.4,1019.4,0.53
2019-03-23,39,49.9,14.2,1020.8,0.57
2019-03-24,39.7,48.2,8.8,1021.4,0.6
2019-03-25,45.1,59.1,8.7,1017.3,0.63
2019-03-26,51.7,55.4,7.1,1017.1,0.67
2019-03-27,53.2,65.8,13.1,1012.7,0.7
2019-03-28,49.7,56,7.1,1013.5,0.75
2019-03-29,49.2,34.4,6.3,1013.8,0.76
2019-03-30,42.5,71.7,11.1,1012.6,0.8
2019-03-31,40.9,50.6,8.3,1018.4,0.83
2019-04-01,42.4,41.1,7.5,1022.2,0.86
2019-04-02,43.6,41.6,9.7,1022.5,0.89
2019-04-03,45.8,43,7.3,1023.2,0.93
2019-04-04,48,47.3,8.8,1018.3,0.96
2019-04-05,52.8,47.7,7.5,1009.6,0
2019-04-06,48.9,43.7,6.2,1012,0.03
2019-04-07,53.8,51.8,6,1010.3,0.06
2019-04-08,53.3,29.5,8.6,1014.3,0.1
2019-04-09,49.9,46.5,10.9,1016.5,0.13
2019-04-10,45.4,77.8,6,1012.3,0.17
2019-04-11,48.7,64.7,9.3,1015,0.2
2019-04-12,52.2,51.7,6.6,1017.6,0.24
2019-04-13,52.7,40.6,8.4,1019.7,0.25
2019-04-14,49.7,49.3,13.1,1015.1,0.31
2019-04-15,52,35.7,7.3,1018.4,0.35
2019-04-16,57.3,35.3,6.2,1017.3,0.38
2019-04-17,58.2,43,6.8,1012.8,0.42
2019-04-18,55,74.2,9.5,1011.5,0.45
2019-04-19,56.7,63.7,7,1015.9,0.5
2019-04-20,57.8,66.3,8.5,1015.2,0.52
2019-04-21,58.9,80.1,7.3,1013.3,0.55
2019-04-22,65,58.3,4.3,1014.6,0.59
2019-04-23,67.7,56.6,6,1012.4,0.62
2019-04-24,66.7,72.6,7.9,1006.6,0.65
2019-04-25,57.2,76.8,8.4,1006.8,0.68
2019-04-26,48.7,80.3,6.1,1012.4,0.72
2019-04-27,52.2,58.8,6.7,1021,0.75
2019-04-28,55.7,53.8,5.4,1020.6,0.78
2019-04-29,54.7,58.9,4.1,1014.8,0.81
2019-04-30,58.8,60.5,8.3,1008.8,0.84
2019-05-01,60.9,55.8,8.9,1006.4,0.88
2019-05-02,62.6,34.7,9.2,1011,0.91
2019-05-03,63.1,41.8,8.2,1016.1,0.94
2019-05-04,65.8,46.8,7.1,1017.8,0.97
2019-05-05,66.4,40.9,8.1,1015.9,0
2019-05-06,58.8,31.3,8.6,1016.4,0.04
2019-05-07,58.9,37.6,8.9,1016,0.08
2019-05-08,59.8,50.7,7.9,1012.6,0.11
2019-05-09,62.1,46,6.9,1010.6,0.15
2019-05-10,63.1,51.8,6.3,1012.9,0.19
2019-05-11,67.6,43.6,7.1,1013.5,0.22
2019-05-12,69.3,42.5,5.1,1014.6,0.25
2019-05-13,65.5,49,4.9,1014.4,0.29
2019-05-14,66.9,51,7.6,1012.8,0.33
2019-05-15,68.9,54.7,5.8,1012.8,0.37
2019-05-16,73.2,50.8,6.7,1011.5,0.4
2019-05-17,73.4,52.3,6,1012.2,0.44
2019-05-18,72.4,52.7,23.1,1012,0.47
2019-05-19,67.6,87.5,11.2,1009.7,0.5
2019-05-20,62.7,66.3,20.7,1005.1,0.54
2019-05-21,63.1,55.6,11.6,1005.5,0.57
2019-05-22,67.1,50.7,8.6,1005.1,0.6
2019-05-23,70.7,49.6,5.8,1007.9,0.64
2019-05-24,74.9,52.7,6.6,1010.3,0.67
2019-05-25,74,50.9,5.1,1014.5,0.7
2019-05-26,75.3,45.3,6.9,1013.8,0.73
2019-05-27,65.9,78.9,6.9,1004.5,0.75
2019-05-28,65.1,46.8,8.7,1010.5,0.8
2019-05-29,68.1,52.9,6.7,1009.6,0.83
2019-05-30,67.6,51.8,6.4,1010.5,0.86
2019-05-31,67.2,50.8,9.5,1010.1,0.89
2019-06-01,65.8,63.3,7.7,1010.2,0.93
2019-06-02,69.9,49.3,7.3,1007.7,0.96
2019-06-03,72.9,47.5,8.7,1007.5,0
2019-06-04,73.2,56.8,6.3,1008.8,0.03
2019-06-05,73.3,66.8,6.9,1011.2,0.06
2019-06-06,70.7,76.8,6.5,1010.4,0.1
2019-06-07,68.5,77.6,10.8,1003.1,0.13
2019-06-08,70.7,63.2,6.4,1007.8,0.17
2019-06-09,71.8,66.3,6.7,1005.3,0.2
2019-06-10,65.8,73,10.4,1006.9,0.25
2019-06-11,69.1,52.3,4.6,1008.6,0.28
2019-06-12,70.7,62.7,6.7,1009.9,0.31
2019-06-13,73.2,56,5.9,1009.6,0.35
2019-06-14,73.8,56.8,5.9,1005.5,0.38
2019-06-15,71.9,65.4,7.4,1000.2,0.42
2019-06-16,71.5,60.6,6.1,1005.9,0.46
2019-06-17,71.5,60.2,7.4,1011.4,0.5
2019-06-18,69.7,76.6,5.3,1010.5,0.52
2019-06-19,71.4,77.1,5.3,1007.6,0.56
2019-06-20,73.6,70.8,7.8,1006.9,0.59
2019-06-21,72.3,75.8,5.5,1005.8,0.62
2019-06-22,75.1,48.6,7.2,1006.1,0.65
2019-06-23,76.9,44.7,6,1007.7,0.69
2019-06-24,77.7,49.1,7.1,1011.2,0.72
2019-06-25,77.9,53.2,6.7,1014,0.75
2019-06-26,77.4,57.5,5.8,1008.8,0.78
2019-06-27,78.1,73.1,5.5,1000.6,0.82
2019-06-28,77.2,69.3,5.2,1001.5,0.85
2019-06-29,73.8,73.6,5.2,998.4,0.88
2019-06-30,75.4,75.4,7.1,999.8,0.91
2019-07-01,75.3,67.5,7.3,1004.7,0.95
2019-07-02,76.2,65.7,6.6,1008.3,0.98
2019-07-03,75.8,69.4,6.2,1008,0
2019-07-04,77.8,61.1,8.4,1006.3,0.05
2019-07-05,80.9,53.6,5.1,1003.1,0.08
2019-07-06,85.2,46.9,7.5,1003.1,0.12
2019-07-07,80.5,47.8,9.6,1007.1,0.15
2019-07-08,77.1,50.4,7.5,1007.6,0.19
2019-07-09,77.6,50.5,10.2,1006.4,0.25
2019-07-10,73.4,63.5,9.3,1007.1,0.26
2019-07-11,71.6,78.8,7.4,1004.9,0.3
2019-07-12,74.7,69.4,6.3,1006.1,0.33
2019-07-13,77.2,70.2,7,1001.9,0.37
2019-07-14,78.6,68.4,7.7,1001.8,0.4
2019-07-15,75.6,79.2,4.7,1006.6,0.44
2019-07-16,76.8,79,4.2,1010.3,0.47
2019-07-17,78.8,75.9,5,1010.9,0.5
2019-07-18,81.5,67.6,5.3,1008.5,0.54
2019-07-19,83,66.1,8.3,1006.2,0.57
2019-07-20,83.8,65.8,9.4,1000.8,0.61
2019-07-21,78.2,86.8,7.3,1000.8,0.64
2019-07-22,81.1,75.7,6,1005.8,0.67
2019-07-23,82.9,73.7,6.2,1005,0.7
2019-07-24,80.3,84.3,5,1004,0.74
2019-07-25,80.1,90.1,4.7,1004.2,0.75
2019-07-26,78.2,92.9,5.9,1003.6,0.8
2019-07-27,83.2,80.4,7.2,1005.2,0.84
2019-07-28,80.3,87.3,5.4,1007.6,0.87
2019-07-29,82.5,77.7,8.3,1008.9,0.9
2019-07-30,83.8,76.4,8.1,1006.7,0.93
2019-07-31,79.7,89.8,7.5,1008.7,0.97
2019-08-01,80.3,86.2,8.1,1011.6,0
2019-08-02,84.2,76,5.4,1011.4,0.03
2019-08-03,84.7,75.2,5.3,1010.7,0.07
2019-08-04,83.6,76.1,5.9,1010.5,0.1
2019-08-05,87.1,71,5,1009.3,0.14
2019-08-06,89.3,59,6.1,1006.6,0.17
2019-08-07,81.1,77.8,4.9,1005,0.21
2019-08-08,84.4,75.1,7.7,1007.7,0.25
2019-08-09,85.8,71.8,5.9,1007.1,0.28
2019-08-10,88.3,65.6,9.1,1005.5,0.31
2019-08-11,87.6,55.4,11.1,1002,0.35
2019-08-12,80,90.9,5.9,1000.3,0.38
2019-08-13,85,78.3,6.6,1002.2,0.42
2019-08-14,86.4,71.9,6.2,1000.1,0.45
2019-08-15,79.6,80.6,7.5,993.8,0.5
2019-08-16,79.1,78.5,13.4,994.7,0.52
2019-08-17,78.4,76.3,10.9,1001.1,0.55
2019-08-18,77.5,70.7,7.7,1006.5,0.59
2019-08-19,78.3,70,5.1,1009.5,0.62
2019-08-20,81.2,66.1,6.2,1010,0.65
2019-08-21,80.7,69.7,6.8,1008.6,0.69
2019-08-22,80.2,72.4,10.9,1006.5,0.72
2019-08-23,79.3,64.3,10.1,1008.1,0.75
2019-08-24,74.8,67.9,8.1,1010.6,0.79
2019-08-25,75.9,72.3,8.5,1012.7,0.82
2019-08-26,78.8,69.7,6.9,1012.2,0.86
2019-08-27,78,74.3,5.3,1008,0.89
2019-08-28,78.9,71.6,10.1,1006.6,0.92
2019-08-29,74.5,80.5,10.6,1006.1,0.96
2019-08-30,73,70.3,11.3,1008.6,0
2019-08-31,73.7,69.9,8.7,1013.1,0.02
2019-09-01,73.9,71.2,5.4,1016.9,0.06
2019-09-02,75.2,66.8,6.3,1016.8,0.09
2019-09-03,75,74.5,8.8,1015.6,0.12
2019-09-04,73.4,89.4,8.3,1013.3,0.16
2019-09-05,74,92.2,7.9,1012.1,0.19
2019-09-06,77.4,85,6,1009.5,0.25
2019-09-07,79.6,75.2,38.9,998,0.26
2019-09-08,76.8,81.4,10.9,1008,0.29
2019-09-09,76.5,82.2,7.5,1010.6,0.33
2019-09-10,75.5,92.4,6.9,1011.7,0.36
2019-09-11,75.7,78.8,8.7,1014.3,0.4
2019-09-12,70.9,71.7,8.9,1016.9,0.43
2019-09-13,72.7,69.7,7.8,1014.1,0.46
2019-09-14,72.4,82.3,6.2,1011.8,0.5
2019-09-15,75,77.4,5.8,1010.9,0.53
2019-09-16,75.4,64.4,8.5,1010.9,0.57
2019-09-17,72.6,55.7,8.9,1014.7,0.6
2019-09-18,70,54.1,13.9,1016.4,0.63
2019-09-19,66.2,55.1,8.7,1018.6,0.67
2019-09-20,66.6,62.8,7,1017.6,0.7
2019-09-21,67.2,68.7,11.4,1019.2,0.74
2019-09-22,65,73,11.8,1014.1,0.75
2019-09-23,67.7,56.8,10.9,1013.9,0.81
2019-09-24,66.3,68,9.2,1018.7,0.84
2019-09-25,68,73.3,5.6,1021.7,0.88
2019-09-26,71.9,68,8.3,1023.7,0.91
2019-09-27,72.5,65.5,7.2,1022.6,0.94
2019-09-28,73.7,68.5,6.5,1018.4,0.98
2019-09-29,71.1,68.9,7,1016.9,0
2019-09-30,70.8,71.3,5.8,1016.9,0.04
2019-10-01,72.3,75.3,6.8,1018.2,0.08
2019-10-02,71.6,87.7,10.9,1012.9,0.11
2019-10-03,72.7,78.8,11.4,1005.7,0.14
2019-10-04,71.5,77.5,7.6,1012.4,0.18
2019-10-05,66.7,77.2,10.6,1015.7,0.21
2019-10-06,63.7,61.7,9.9,1022.8,0.25
2019-10-07,59.6,89.5,8.2,1018.7,0.28
2019-10-08,59.2,65.8,13.5,1018.1,0.31
2019-10-09,55.7,59.3,6.4,1020.2,0.34
2019-10-10,58.2,68.8,3.8,1016.9,0.38
2019-10-11,65,67.7,9.2,1015.4,0.41
2019-10-12,64.9,54.7,17.1,1017.9,0.44
2019-10-13,61.3,62.8,7.6,1022.4,0.48
2019-10-14,58.2,63.7,10.6,1024.9,0.5
2019-10-15,56.5,62.6,9.1,1028.1,0.54
2019-10-16,57.2,68.5,6.6,1026.7,0.58
2019-10-17,58.9,65.5,8.9,1024.6,0.61
2019-10-18,61.2,68.4,8.7,1022.6,0.65
2019-10-19,61.5,71.7,8,1020.7,0.68
2019-10-20,60,78.6,5.6,1021.9,0.72
2019-10-21,61.1,71.1,4.5,1019.1,0.75
2019-10-22,63.3,65.8,4.8,1017.7,0.79
2019-10-23,61.8,67.2,7.2,1019,0.82
2019-10-24,64.7,56.7,10.2,1019.5,0.86
2019-10-25,62.1,63,10.8,1017.7,0.89
2019-10-26,51.4,62.2,9.8,1018.8,0.93
2019-10-27,51,63.9,7.2,1019.6,0.96
2019-10-28,55.1,67.6,11.1,1016.2,0
2019-10-29,55.4,66.1,10.3,1015.4,0.03
2019-10-30,52.1,63.1,6.6,1021.4,0.06
2019-10-31,57.8,75.7,8.4,1020.7,0.1
2019-11-01,58.9,64.8,5.5,1021.5,0.13
2019-11-02,55.4,67.7,5.9,1020.6,0.16
2019-11-03,58.1,63.7,9.5,1019.6,0.19
2019-11-04,56.4,62.9,6.1,1022,0.25
2019-11-05,54.4,69.3,6.8,1019.6,0.26
2019-11-06,51.8,67,7.9,1017.2,0.29
2019-11-07,49.9,48,8.6,1017.5,0.32
2019-11-08,43.8,37.8,7.2,1021.6,0.36
2019-11-09,48.9,45.3,6.6,1021.7,0.39
2019-11-10,49.8,62.7,9.8,1012.9,0.42
2019-11-11,52.9,75.2,9.7,1010.1,0.45
2019-11-12,49.3,68.1,4.9,1020.7,0.5
2019-11-13,46.8,77.3,14,1017.7,0.52
2019-11-14,35.5,35.1,11.1,1024.5,0.56
2019-11-15,42.8,81.9,8.9,1018.7,0.59
2019-11-16,44.7,85,5.8,1020.4,0.63
2019-11-17,46.9,82.7,10.2,1018.6,0.66
2019-11-18,43.2,63.6,14.9,1018.2,0.7
2019-11-19,34.1,52.4,9.6,1025.5,0.73
2019-11-20,33.9,39.5,5.6,1031.5,0.75
2019-11-21,39.4,43.2,5.6,1032.5,0.8
2019-11-22,49.2,40.4,8.3,1027.8,0.84
2019-11-23,52,61.6,8.1,1024.3,0.88
2019-11-24,51,76.6,13.4,1020.1,0.91
2019-11-25,36.7,63.6,13.7,1029.6,0.95
2019-11-26,43,71.6,4.5,1029.4,0.98
2019-11-27,39.2,55.4,9.6,1028.3,0
2019-11-28,39,57.2,5,1029.6,0.05
2019-11-29,35.5,49.5,7.3,1031.5,0.08
2019-11-30,38.9,49.8,4.4,1029.1,0.11
2019-12-01,41.8,79.7,7.6,1022.5,0.14
2019-12-02,34.4,52.8,9.6,1022.1,0.18
2019-12-03,32.7,65.2,3.4,1025.2,0.21
2019-12-04,37,53.2,5.4,1028.6,0.25
2019-12-05,26.8,37,9,1035.7,0.27
2019-12-06,21.7,39.1,6.5,1036.7,0.3
2019-12-07,28.3,65.3,4.8,1030,0.34
2019-12-08,29.5,72,4.5,1029,0.37
2019-12-09,37.6,62.1,7.1,1023.6,0.4
2019-12-10,46.1,85.7,6.9,1019.2,0.43
2019-12-11,45.4,66.9,7.5,1017.1,0.46
2019-12-12,32,47.6,7.8,1028.3,0.5
2019-12-13,35,57.3,10.4,1027.2,0.53
2019-12-14,38,62.7,7.5,1027.2,0.57
2019-12-15,39.3,64.2,6.4,1029.1,0.6
2019-12-16,44.4,68.2,6.1,1023.3,0.64
2019-12-17,47.8,81.9,6.7,1015.7,0.68
2019-12-18,35.3,67.3,5.7,1023.6,0.71
2019-12-19,31.4,52,6.6,1026,0.75
2019-12-20,31.7,48.1,6.8,1029.2,0.78
2019-12-21,29.8,69.2,4,1027.8,0.82
2019-12-22,38,72.5,4.1,1021.2,0.85
2019-12-23,39.5,81.2,7,1021.3,0.89
2019-12-24,33,75.3,4.4,1027.3,0.93
2019-12-25,34.5,69.7,4.6,1024.2,0.96
2019-12-26,37.5,64.8,7.7,1017.8,0
2019-12-27,29.9,51.7,6.1,1024.2,0.03
2019-12-28,33.5,55.7,4.7,1028.3,0.06
2019-12-29,39,57.2,6.8,1026.1,0.09
2019-12-30,39.2,76,8.4,1023,0.13
2019-12-31,19.1,46.3,13.3,1034.4,0.16
2020-01-01,28,65.9,3.6,1032.3,0.19
2020-01-02,35,68.5,4.2,1029.6,0.22
2020-01-03,32.4,64,4.8,1027.4,0.25
2020-01-04,33.8,59.8,5,1025.9,0.29
2020-01-05,33.4,54.8,3.1,1030.3,0.32
2020-01-06,37.2,67.7,8.7,1026.7,0.35
2020-01-07,43.5,95.2,9,1011.8,0.38
2020-01-08,39,87.5,12.7,1012.2,0.41
2020-01-09,31.7,67.3,6.4,1024.9,0.45
2020-01-10,31.3,68.2,6.2,1024,0.48
2020-01-11,32.1,67.9,6.2,1020.4,0.5
2020-01-12,31.7,63.6,6.8,1018.2,0.55
2020-01-13,28.5,55.5,8.1,1022.8,0.58
2020-01-14,28.6,50.3,5.9,1025.7,0.62
2020-01-15,28.3,49.9,6,1028.5,0.65
2020-01-16,29.4,48.6,7,1027.3,0.69
2020-01-17,31,51.7,3.6,1023.6,0.75
2020-01-18,32.1,54.9,4.8,1021.6,0.76
2020-01-19,35.5,68.9,9.2,1018.7,0.8
2020-01-20,34.7,53.8,8,1022.2,0.83
2020-01-21,30.7,44.6,3.5,1029.7,0.87
2020-01-22,36.9,44,4.8,1025.8,0.9
2020-01-23,39.6,56.6,6.8,1023.8,0.94
2020-01-24,37.1,69.4,5.4,1029.8,0.97
2020-01-25,38.7,70.9,5.3,1029.5,0
2020-01-26,41,65.2,9.7,1027.2,0.04
2020-01-27,43.8,51.4,12.3,1021.4,0.07
2020-01-28,45.5,54.9,8.4,1018.1,0.1
2020-01-29,42.4,54.9,5,1016.1,0.14
2020-01-30,41,55.4,4.5,1014.6,0.17
2020-01-31,39.3,65.3,6.7,1019.1,0.2
2020-02-01,36.3,72.8,6.9,1023.7,0.23
2020-02-02,35.1,57.8,6.9,1025.4,0.25
2020-02-03,33.1,48.9,8.2,1026.7,0.3
2020-02-04,30.5,56.4,10.5,1026.6,0.33
2020-02-05,19,40.9,10.2,1031.5,0.36
2020-02-06,21,40.1,5.5,1034.2,0.4
2020-02-07,29,48.8,6.3,1029.9,0.43
2020-02-08,33,54.5,11.2,1027.4,0.46
2020-02-09,31.1,55.7,9.7,1026.1,0.5
2020-02-10,39.2,57,6.9,1023.6,0.53
2020-02-11,42.6,47.2,6.4,1027.1,0.56
2020-02-12,44.9,75.1,10.6,1017.7,0.6
2020-02-13,44,89.1,7.8,1018.7,0.63
2020-02-14,45.5,78.3,4.9,1020.8,0.67
2020-02-15,48.3,70.6,8.2,1018.5,0.7
2020-02-16,32.1,83.5,13.1,1013.2,0.75
2020-02-17,23,69.5,11.3,1017.7,0.77
2020-02-18,25.4,49,8,1027.1,0.81
2020-02-19,33.6,61.8,6,1030,0.84
2020-02-20,39.6,70.2,6.1,1033,0.88
2020-02-21,43.8,71.2,9,1030.2,0.91
2020-02-22,41.3,66.9,21.7,1024.2,0.95
2020-02-23,36.9,52.8,8.1,1029.2,0.98
2020-02-24,43.4,59.2,6.3,1024.6,0
2020-02-25,45.1,78.1,11.9,1018,0.05
2020-02-26,44.3,65.7,7.1,1022.7,0.08
2020-02-27,43,61.7,6.6,1027.6,0.12
2020-02-28,40.5,80.4,6.8,1023.1,0.15
2020-02-29,45.8,75.5,6.6,1018.3,0.18
2020-03-01,42.4,80,7.9,1018.3,0.21
2020-03-02,39.2,60,7.6,1023.2,0.25
2020-03-03,40.7,64.3,9.7,1024.2,0.25
2020-03-04,37.2,60.8,19,1022.2,0.31
2020-03-05,34.8,52,9.2,1025.2,0.35
2020-03-06,38.3,55.1,6.4,1022.8,0.38
2020-03-07,43.8,46.3,6.7,1018.2,0.41
2020-03-08,47.3,53,9,1018.7,0.45
2020-03-09,50.7,47.7,9.6,1014.6,0.48
2020-03-10,45.4,79.2,12.5,1007.9,0.5
2020-03-11,39.3,45.7,11.2,1017.4,0.55
2020-03-12,44,53.4,15.6,1021.6,0.58
2020-03-13,42.6,46.6,11.3,1021.8,0.62
2020-03-14,39,50.3,12.5,1016.5,0.65
2020-03-15,40.7,52.6,25.3,1011.3,0.68
2020-03-16,38.2,47.7,8.6,1021.8,0.75
2020-03-17,44.3,70.1,7.9,1015.8,0.75
2020-03-18,48.9,54.7,7.7,1013.5,0.79
2020-03-19,49.9,52,12.9,1005.5,0.82
2020-03-20,47.7,44.8,9.7,1013.7,0.85
2020-03-21,54.5,58.2,7.1,1011.6,0.89
2020-03-22,53.1,47.6,9,1013.8,0.92
2020-03-23,50.9,42.8,6.2,1017.1,0.96
2020-03-24,52,45.8,6.5,1019.9,0
2020-03-25,53.4,43.2,7.3,1020.1,0.02
2020-03-26,57.6,58.1,7.4,1015.7,0.06
2020-03-27,55.3,65.1,9.5,1012.7,0.09
2020-03-28,46.8,21.3,8.4,1021.1,0.13
2020-03-29,46.7,37.9,7.9,1021.5,0.16
2020-03-30,49.5,43.6,6.4,1020.4,0.19
2020-03-31,52.3,43.3,7,1017.8,0.23
2020-04-01,53.6,39.2,13,1014.4,0.25
2020-04-02,48.9,47.8,8.7,1021.8,0.3
2020-04-03,49.9,57.3,8.5,1021.2,0.33
2020-04-04,49.3,44,11.6,1018.7,0.36
2020-04-05,45.6,30.1,7.6,1022.2,0.4
2020-04-06,48.4,46.7,8.2,1020.7,0.43
2020-04-07,51.2,63.7,7.5,1015.9,0.47
2020-04-08,50,29.5,9.4,1017.6,0.5
2020-04-09,49,43.5,8.6,1021.7,0.53
2020-04-10,50.8,54.4,7,1024.4,0.57
2020-04-11,50,63.2,9,1020.1,0.6
2020-04-12,50,60.4,15.6,1014.7,0.63
2020-04-13,53.8,38.3,11.8,1014,0.67
2020-04-14,54.5,47.2,9.6,1016.3,0.7
2020-04-15,55.1,41.2,7.8,1014.9,0.75
2020-04-16,59.6,42.6,7.3,1016.1,0.77
2020-04-17,55.4,74.2,7.2,1012.9,0.8
2020-04-18,56.8,68.5,8.3,1015.4,0.83
2020-04-19,54.5,75.4,7.8,1015,0.87
2020-04-20,51.5,72.9,8.4,1010.5,0.9
2020-04-21,47.1,48.8,13.4,1013.9,0.93
2020-04-22,44.3,44.1,21.6,1016.1,0.97
2020-04-23,47.6,46.9,9.2,1015.9,0
2020-04-24,50.3,55.1,14,1013.6,0.04
2020-04-25,56.9,52,12.2,1009.2,0.07
2020-04-26,54.7,44.6,7.8,1016.6,0.11
2020-04-27,55.5,50.8,7.6,1019.3,0.14
2020-04-28,56.5,50.4,9.3,1019.7,0.18
2020-04-29,58.8,52,8.4,1019.1,0.21
2020-04-30,61.6,56.7,8.4,1015.9,0.24
2020-05-01,68.8,74,10.3,1012.9,0.25
2020-05-02,69.4,79,4.8,1011.5,0.31
2020-05-03,71.1,71,5.8,1005.8,0.35
2020-05-04,69.4,64.2,8,1007.4,0.38
2020-05-05,61,69.4,7.3,1011.4,0.42
2020-05-06,65.7,54.9,6.5,1013.3,0.45
2020-05-07,69.3,33.9,9.7,1017.1,0.5
2020-05-08,68.6,29.8,8.5,1014.7,0.52
2020-05-09,58.6,94,11.4,1005.7,0.55
2020-05-10,58.4,89.8,9.2,1006.6,0.59
2020-05-11,62.4,62.4,11.8,1008.1,0.62
2020-05-12,58.3,72.4,14.8,1004.8,0.65
2020-05-13,61.1,50.6,14.5,1014.7,0.69
2020-05-14,66.2,38.3,8.3,1016.4,0.75
2020-05-15,62.3,76.7,9.2,1009.3,0.75
2020-05-16,62.4,91,7,1006.6,0.78
2020-05-17,66.3,81.7,7.2,1005.4,0.82
2020-05-18,67.1,82.8,18.8,998.9,0.85
2020-05-19,56.8,75.4,13.6,999.7,0.88
2020-05-20,58.3,60.2,7.8,1011.2,0.91
2020-05-21,63,57.4,6.2,1014.4,0.95
2020-05-22,65.9,68.6,7.4,1012.8,0.98
2020-05-23,68.5,67.3,10.1,1011,0
2020-05-24,64.1,83.5,14.2,1009.5,0.05
2020-05-25,62.1,82.6,8.5,1012.3,0.08
2020-05-26,61.6,81.8,9.5,1009.7,0.12
2020-05-27,63.7,70.5,10.7,1009.3,0.16
2020-05-28,65.9,64,8.2,1009.4,0.19
2020-05-29,68.8,67.4,8.7,1014.5,0.23
2020-05-30,72.6,59.8,7.7,1016.2,0.25
2020-05-31,70.5,62.6,9.3,1011.8,0.3
2020-06-01,68.3,65.4,14.8,1009.8,0.33
2020-06-02,65,68.9,11.7,1007.8,0.37
2020-06-03,71.5,75.7,11.1,1003.9,0.4
2020-06-04,71.5,82.6,12.2,1003.8,0.44
2020-06-05,73.1,72.9,7.1,1006.8,0.48
2020-06-06,76.2,65.8,9.5,1007.8,0.5
2020-06-07,73.1,71.1,9.8,1011.4,0.54
2020-06-08,76.5,66.8,11.2,1014.3,0.58
2020-06-09,79.6,54.7,9.7,1014.7,0.61
2020-06-10,78.7,62.9,12.4,1009.5,0.64
2020-06-11,79,71.3,9.2,1003.5,0.67
2020-06-12,76.1,72.9,5.7,1004.8,0.7
2020-06-13,79.8,58.3,9.6,1004.2,0.75
2020-06-14,75.9,71,13.4,1003.7,0.77
2020-06-15,73.2,63.5,11.7,1006.3,0.8
2020-06-16,75.8,64.4,9,1005.7,0.83
2020-06-17,75.4,61.2,10.5,1005.1,0.87
2020-06-18,73.8,64,6.8,1003.1,0.9
2020-06-19,76.1,64,8.3,1005.7,0.93
2020-06-20,76.6,64.8,11.4,1009.9,0.96
2020-06-21,78.3,61.5,7.6,1008,0
2020-06-22,82.6,53.6,8.7,1007.7,0.03
2020-06-23,80.4,55.2,7,1008.3,0.07
2020-06-24,73.4,79.6,13,1003.4,0.1
2020-06-25,71.2,90.7,9.1,1001.4,0.14
2020-06-26,71.6,82.9,11.4,1005.8,0.17
2020-06-27,75.3,70.5,11.6,1005.5,0.21
2020-06-28,77.1,71.9,10.3,1004.4,0.25
2020-06-29,75.2,75.6,11.6,1002.6,0.28
2020-06-30,68.6,85.8,15.9,993.3,0.32
2020-07-01,70,79.9,7.7,1004,0.35
2020-07-02,75.1,73.1,4.8,1010.3,0.39
2020-07-03,77.9,61.9,11.7,1010.4,0.43
2020-07-04,75.1,66,5.2,1007,0.46
2020-07-05,74.6,67.2,5.2,1004.4,0.5
2020-07-06,78.3,63.6,5.7,1000.7,0.53
2020-07-07,76.3,71.8,6,1003.5,0.56
2020-07-08,77.9,70.9,6.4,1004.3,0.59
2020-07-09,80.5,66.2,6.6,1003.5,0.63
2020-07-10,77.7,69.8,11.8,1002.1,0.66
2020-07-11,78.7,61.3,8.1,1006.4,0.69
2020-07-12,74.8,68.5,6.1,1009.3,0.72
2020-07-13,66.6,92.5,8.9,1003.2,0.75
2020-07-14,68.9,78,8.7,1003.3,0.79
2020-07-15,73.7,62.4,6.4,1005.1,0.82
2020-07-16,76.7,69.4,5.8,1006.4,0.85
2020-07-17,78.7,71.5,5.3,1007.9,0.88
2020-07-18,78.7,71.7,5.9,1008,0.92
2020-07-19,76,78.7,13.9,1005.1,0.95
2020-07-20,76.1,84.4,14.9,1004.7,0.98
2020-07-21,77.7,73.6,5.8,1011.3,0
2020-07-22,74.6,90.1,5.3,1009.7,0.05
2020-07-23,71,93.6,10.8,1006.2,0.09
2020-07-24,73.3,71.4,12.8,998.8,0.12
2020-07-25,76.7,65.4,10.8,1002.5,0.16
2020-07-26,77.6,67.2,5.8,1006.7,0.19
2020-07-27,75.9,86.1,5.5,1008.2,0.25
2020-07-28,75.9,84.7,4.2,1009.9,0.27
2020-07-29,75.1,95.5,5.4,1011.6,0.3
2020-07-30,77.9,86.4,5.3,1012.9,0.34
2020-07-31,79.4,82,5.3,1013.7,0.37
2020-08-01,78,89.9,6.8,1010.4,0.41
2020-08-02,76.9,95.4,10.3,1007.7,0.44
2020-08-03,77.8,93.3,10.2,1007.6,0.48
2020-08-04,81.3,86.4,8.6,1010.1,0.5
2020-08-05,80.3,91.2,6.2,1010.7,0.55
2020-08-06,76.4,90.8,10.6,1004.8,0.58
2020-08-07,76.1,83.8,5,1006.7,0.61
2020-08-08,75.9,87.9,5.2,1002.7,0.64
2020-08-09,77.5,93.5,10.7,1002,0.68
2020-08-10,80.2,90.7,6.6,1003.2,0.71
2020-08-11,76.8,91.6,5.6,1008.4,0.74
2020-08-12,80.9,84.3,5.4,1012.2,0.75
2020-08-13,83,81,6.6,1009.2,0.81
2020-08-14,81.9,83.7,8.1,1005.2,0.84
2020-08-15,79.4,95.5,5.5,1008,0.87
2020-08-16,82,81.8,7.2,1010.4,0.9
2020-08-17,83.3,76.8,5.7,1013.1,0.94
2020-08-18,81.4,77.6,6.2,1012.9,0.97
2020-08-19,81.1,76.9,6.4,1011.2,0
2020-08-20,82.1,75.9,6.2,1011.9,0.04
2020-08-21,80.5,81.9,4.1,1013.4,0.07
2020-08-22,76.4,86.6,6.4,1012.4,0.11
2020-08-23,77.7,78.5,6,1008.7,0.14
2020-08-24,81.8,72.2,7.9,1005,0.18
2020-08-25,85.5,69.7,9.1,1004.2,0.21
2020-08-26,86.7,67.6,11.7,1002.3,0.25
2020-08-27,81.6,80.9,14.1,1000.1,0.28
2020-08-28,81.3,89.2,5.4,1006.6,0.32
2020-08-29,80,91.2,4.8,1008.8,0.35
2020-08-30,80.9,87.9,5.2,1011,0.39
2020-08-31,80.2,75.7,6.9,1012,0.43
2020-09-01,80.1,73,7.5,1009.3,0.46
2020-09-02,76.3,92.8,11.8,1004.4,0.5
2020-09-03,73.5,82.4,23.6,996.1,0.53
2020-09-04,73.9,65.1,9,1011.4,0.56
2020-09-05,73.8,65.8,5.5,1013.5,0.6
2020-09-06,71.6,76.5,8.4,1009.7,0.63
2020-09-07,66.9,92.7,11.4,993.2,0.66
2020-09-08,74.7,67.9,11,1007.4,0.69
2020-09-09,70.5,83.1,6.6,1009.8,0.73
2020-09-10,72.7,75.7,8.1,1008.6,0.75
2020-09-11,72.9,71.9,7.3,1013.9,0.79
2020-09-12,68.8,82.9,5.6,1016,0.82
2020-09-13,70.8,68.3,5.7,1015.6,0.86
2020-09-14,70.6,78.5,6.6,1014.2,0.89
2020-09-15,73,76.6,4.4,1012.6,0.92
2020-09-16,72.9,78.6,5.9,1009.4,0.96
2020-09-17,71,69.6,4.3,1009.9,0
2020-09-18,71.2,61.1,8.2,1012.2,0.02
2020-09-19,70.1,61.5,6.7,1014.6,0.06
2020-09-20,67.3,57.1,6.2,1016.7,0.09
2020-09-21,65.5,58.7,3.8,1018.1,0.13
2020-09-22,67.9,55.2,6.1,1018.6,0.16
2020-09-23,66.9,56.6,9.6,1018.3,0.2
2020-09-24,69.6,56.6,11.2,1015.5,0.25
2020-09-25,68.9,61.1,7.9,1013.5,0.27
2020-09-26,67.4,59.3,10.8,1016.4,0.3
2020-09-27,68.4,61.4,5.9,1018.5,0.34
2020-09-28,68.2,68,4.7,1016.7,0.37
2020-09-29,67,69.4,7.1,1011.9,0.4
2020-09-30,66.9,78.7,7.3,1010.4,0.44
2020-10-01,66.2,74.4,5.1,1013.1,0.47
2020-10-02,66.5,78.2,7.5,1014.4,0.5
2020-10-03,68.3,73.7,5.1,1014.9,0.54
2020-10-04,64,64.5,13.3,1012.4,0.58
2020-10-05,56.9,52.2,8.3,1017.7,0.61
2020-10-06,57.6,56.7,6,1022,0.64
2020-10-07,60.1,48.8,5.5,1025.7,0.68
2020-10-08,62.7,54.4,9.9,1026.9,0.71
2020-10-09,63.2,50.7,8.1,1023.7,0.74
2020-10-10,61.7,60,6.7,1020.2,0.75
2020-10-11,62.1,67.9,5.1,1016.4,0.81
2020-10-12,61.6,70.3,6.3,1015,0.84
2020-10-13,56.3,51.7,7.1,1020.5,0.88
2020-10-14,55.7,51.5,10.1,1024.6,0.91
2020-10-15,52.7,40.5,5.3,1026.1,0.94
2020-10-16,53.1,63.7,2.8,1024.1,0.98
2020-10-17,55.1,66.3,6.3,1023.2,0
2020-10-18,55.1,69,6,1023.9,0.04
2020-10-19,57.8,75.8,5.3,1024.7,0.08
2020-10-20,57.7,72.2,6.3,1025.9,0.11
2020-10-21,57.3,70.4,5.8,1019.4,0.15
2020-10-22,57.4,67.7,10.3,1013.7,0.18
2020-10-23,49,47.4,8.2,1015,0.25
2020-10-24,47.7,45.8,7.7,1018.8,0.25
2020-10-25,51.2,66.4,5.9,1020.1,0.28
2020-10-26,53.8,74.1,5.9,1020,0.31
2020-10-27,55.9,76.1,4.8,1020.9,0.35
2020-10-28,58,55.4,6.9,1022.5,0.38
2020-10-29,50.2,43.3,6,1024.1,0.42
2020-10-30,51.2,48.5,4.2,1025.2,0.45
2020-10-31,54.9,61.2,8.1,1024.6,0.5
2020-11-01,56.7,84.4,8.5,1019.6,0.52
2020-11-02,51.6,60.2,7.4,1020.4,0.55
2020-11-03,43.1,45.2,13.3,1022.1,0.59
2020-11-04,41.8,38,7.4,1025.4,0.62
2020-11-05,47.7,63.8,4.6,1027.1,0.65
2020-11-06,55.5,62.3,4.6,1021.8,0.69
2020-11-07,58.2,69,7.4,1017.8,0.72
2020-11-08,48.9,45.5,8.7,1022.1,0.75
2020-11-09,43,37.1,6.1,1025.7,0.79
2020-11-10,45.1,57.5,7.1,1028.1,0.83
2020-11-11,47,58.4,4,1031.6,0.86
2020-11-12,49,61.9,6,1030.5,0.89
2020-11-13,52.1,73.6,4.6,1028.6,0.93
2020-11-14,52,72.6,6.8,1029.3,0.96
2020-11-15,50.6,78.8,5.8,1027.5,0
2020-11-16,51.5,76.7,5.1,1026.3,0.03
2020-11-17,58,72,5.5,1023.8,0.06
2020-11-18,62.5,89.3,6.3,1016.7,0.1
2020-11-19,58.9,87.9,10.7,1007.6,0.13
2020-11-20,39.2,72.1,6.9,1018.8,0.16
2020-11-21,42.5,67.4,7.3,1023.8,0.19
2020-11-22,44,78.8,6.1,1022.4,0.25
2020-11-23,36.2,56.5,6.8,1028.1,0.26
2020-11-24,38.1,49.5,5.9,1028.7,0.29
2020-11-25,39.3,65.2,4.1,1027.5,0.33
2020-11-26,41.3,69.2,3.7,1027,0.36
2020-11-27,40.9,60.4,7.5,1025.8,0.39
2020-11-28,33.2,47.2,7.5,1028.9,0.43
2020-11-29,32.3,55.7,7.2,1029.6,0.46
2020-11-30,31.8,56.2,7,1034.5,0.5
2020-12-01,34.5,42.5,6.3,1035.7,0.53
2020-12-02,37.5,38.3,5.6,1031.1,0.56
2020-12-03,34.6,42.8,8.3,1029.8,0.6
2020-12-04,30.9,52.9,6.2,1030.3,0.63
2020-12-05,35.1,63.2,5.1,1029.7,0.67
2020-12-06,39.3,68.2,5.8,1028.1,0.7
2020-12-07,39.4,56.7,8.5,1028,0.74
2020-12-08,32,46.9,5.8,1029.1,0.75
2020-12-09,33.2,56.9,4.6,1026.9,0.81
2020-12-10,42.6,66.6,4.4,1022.5,0.84
2020-12-11,41.1,79.1,5.5,1019.8,0.88
2020-12-12,36.8,51.7,7.9,1019.5,0.91
2020-12-13,31.6,74,8.5,1018.5,0.95
2020-12-14,19.8,44.9,8.2,1028.8,0.98
2020-12-15,18.6,38.2,10.2,1031.6,0
2020-12-16,18.7,39.8,7.3,1031.4,0.05
2020-12-17,22.2,46.2,5.6,1030.9,0.08
2020-12-18,30,55.4,11.3,1028.1,0.11
2020-12-19,23.9,39.7,6.8,1033.2,0.14
2020-12-20,25.3,47.6,5.8,1032.7,0.18
2020-12-21,28.5,66.6,5.7,1029.5,0.21
2020-12-22,33.8,71.2,6.8,1026.1,0.25
2020-12-23,38.9,77.5,6.6,1022.6,0.27
2020-12-24,38.4,61.9,9.1,1018.2,0.31
2020-12-25,31.1,49.1,7.3,1023.3,0.34
2020-12-26,34.6,67.1,5.5,1024.2,0.37
2020-12-27,40.7,66.3,4.6,1021.7,0.4
2020-12-28,43.4,74.9,2.9,1023,0.43
2020-12-29,33.3,74.8,7.3,1022,0.47
2020-12-30,14.3,51.4,9.6,1023.1,0.5
2020-12-31,16.7,48,5.9,1026.5,0.53
2021-01-01,24.3,62.7,5.7,1025.9,0.57
2021-01-02,24.5,35.1,8.1,1028.8,0.61
2021-01-03,22.6,41.7,6.1,1033.9,0.64
2021-01-04,25.2,49.4,4.7,1031.7,0.68
2021-01-05,24.3,50.3,8.4,1030.1,0.71
2021-01-06,19.2,52.6,6.5,1024.6,0.75
2021-01-07,8,49.1,11.8,1026,0.78
2021-01-08,6,42,8.8,1025.6,0.82
2021-01-09,10.1,44.1,6.6,1025,0.85
2021-01-10,16,57.2,3.5,1027.8,0.89
2021-01-11,19,65.7,4.7,1027.2,0.93
2021-01-12,22.9,82.1,6.2,1018.3,0.96
2021-01-13,33.8,85.5,5.3,1014.8,0
2021-01-14,33.7,50.4,5.6,1021.7,0.03
2021-01-15,40.4,66.8,8.9,1016.2,0.06
2021-01-16,25.2,58.7,7.5,1024.9,0.09
2021-01-17,22.1,52.6,5.9,1027.9,0.13
2021-01-18,26.7,68.3,13.1,1021.1,0.16
2021-01-19,20.2,38.9,6.3,1031.9,0.19
2021-01-20,29.3,41.6,6.1,1030.3,0.22
2021-01-21,39.3,61.6,4,1023.8,0.25
2021-01-22,41.4,94,5.7,1019.9,0.29
2021-01-23,44.8,70.1,9.3,1020,0.32
2021-01-24,42.8,68,7,1025.4,0.35
2021-01-25,43,68.9,6,1026.1,0.38
2021-01-26,41.9,83.6,6.4,1020,0.41
2021-01-27,36.1,47.7,7.1,1023.7,0.45
2021-01-28,29,53.6,13.3,1017,0.48
2021-01-29,17.2,36.4,12.8,1026.5,0.5
2021-01-30,29,55.9,6.7,1025.6,0.55
2021-01-31,35.4,63.3,5.3,1026.9,0.58
2021-02-01,42.8,79.6,7.9,1016.4,0.62
2021-02-02,23.8,41.1,12.1,1025.8,0.65
2021-02-03,25.6,58,7.8,1026,0.69
2021-02-04,27.1,49.4,6.1,1026.8,0.73
2021-02-05,33.6,68.8,7.1,1021.7,0.75
2021-02-06,43.9,79.5,4.8,1015.3,0.8
2021-02-07,40.3,66.8,9.9,1020.6,0.83
2021-02-08,27.9,39.6,9.7,1027.9,0.87
2021-02-09,30.2,46.7,6.4,1028.7,0.9
2021-02-10,37.2,75.2,5.1,1025.2,0.94
2021-02-11,40,77.2,4.6,1025.4,0.98
2021-02-12,40.4,67.6,4.7,1024.9,0
2021-02-13,41.6,63,5,1024.8,0.04
2021-02-14,47.9,49.3,4.3,1015.8,0.07
2021-02-15,36.6,63.6,8.7,1011,0.11
2021-02-16,23.8,57.1,8.9,1016.9,0.14
2021-02-17,18.3,40.7,13.5,1018.7,0.17
2021-02-18,22.1,39.8,8.3,1022.1,0.2
2021-02-19,33.7,61.5,9.6,1018.2,0.24
2021-02-20,45.7,60.4,8.6,1009.7,0.25
2021-02-21,50.5,65,16.4,1009.7,0.3
2021-02-22,45.9,62.7,15.5,1013.9,0.33
2021-02-23,33.2,29.3,8.1,1025.7,0.36
2021-02-24,36.8,29.4,5.9,1025.6,0.4
2021-02-25,38.2,40.1,2.6,1023.9,0.43
2021-02-26,45.1,33.4,6.3,1023.5,0.46
2021-02-27,48.7,45.6,7.6,1028.1,0.5
2021-02-28,45.6,46.9,6.3,1026.6,0.53
2021-03-01,41.7,87.9,11.5,1016.1,0.56
2021-03-02,36.8,74.6,6.6,1024,0.6
2021-03-03,38.4,68.5,4.8,1029.1,0.63
2021-03-04,43.6,64.6,5.9,1024.5,0.67
2021-03-05,46.6,71.2,5.9,1021,0.71
2021-03-06,44.5,70,10.9,1026.6,0.75
2021-03-07,43,59.6,8.9,1028.5,0.78
2021-03-08,43.7,63.1,6.1,1026.9,0.81
2021-03-09,43.1,57.1,6.5,1025.6,0.85
2021-03-10,46.3,65.2,5.4,1028.1,0.88
2021-03-11,48.7,56.7,4.7,1026.3,0.92
2021-03-12,51.4,54.5,8,1021.8,0.95
2021-03-13,47.9,64.1,5.9,1021.7,0
2021-03-14,47.9,73.8,6.7,1020.1,0.02
2021-03-15,50.4,67.6,6.2,1016.7,0.06
2021-03-16,48.5,54,8.7,1015.4,0.09
2021-03-17,46.8,45.4,6.4,1019.1,0.12
2021-03-18,51.1,54.3,5.9,1019.5,0.15
2021-03-19,58.9,47.3,7.1,1018.3,0.19
2021-03-20,50.8,73,6.9,1013.5,0.22
2021-03-21,43.8,67.6,12.8,1014.4,0.25
2021-03-22,43.4,52,9.2,1020.3,0.28
2021-03-23,47.6,64.5,7.8,1020.6,0.32
2021-03-24,50.3,61.6,7.8,1020.3,0.35
2021-03-25,53.7,67.9,6.3,1020.9,0.38
2021-03-26,52.9,63.6,4.7,1020.9,0.41
2021-03-27,53,70.4,6.5,1011.6,0.45
2021-03-28,49.5,96,8.4,1002.9,0.48
2021-03-29,51.4,63.2,9.8,1008,0.5
2021-03-30,50.9,49.4,9,1012.4,0.55
2021-03-31,56.1,42.6,5.7,1014.2,0.58
2021-04-01,62.2,35.2,8,1017.8,0.62
2021-04-02,63.4,33.3,9.5,1019.2,0.65
2021-04-03,60.1,78.3,10,1012.8,0.69
2021-04-04,54,65,8.9,1014.8,0.75
2021-04-05,53.2,45.1,7,1022,0.76
2021-04-06,56.9,48,8.9,1019.9,0.79
2021-04-07,57,48.5,7,1019.5,0.83
2021-04-08,55.6,33.3,8.3,1018.3,0.86
2021-04-09,55.5,37.4,9,1023.6,0.9
2021-04-10,54.9,46.3,7.2,1030,0.93
2021-04-11,57.4,49.6,5.9,1029.4,0.97
2021-04-12,56.9,68.3,7.1,1018.9,0
2021-04-13,52.4,75.1,7.9,1012,0.03
2021-04-14,47.6,52.9,7.9,1019,0.07
2021-04-15,52.3,63,5.2,1018.6,0.1
2021-04-16,52.6,60.2,7.4,1015.8,0.13
2021-04-17,49.1,57.8,9.3,1014.8,0.17
2021-04-18,50.5,60.1,8.8,1016.1,0.2
2021-04-19,53.4,64.8,8.6,1017.2,0.23
2021-04-20,57.6,57.6,7,1020.5,0.25
2021-04-21,64.9,45.4,6.2,1021.2,0.3
2021-04-22,69.4,35.3,8.6,1018.9,0.33
2021-04-23,67,38.6,10,1019.1,0.37
2021-04-24,65,37.6,8.7,1019.8,0.4
2021-04-25,63.3,53.4,9.1,1019.1,0.43
2021-04-26,61.5,47.9,6.9,1020.8,0.47
2021-04-27,59.4,60.5,6.5,1018.1,0.5
2021-04-28,58.2,66.5,6.9,1016.2,0.53
2021-04-29,58.5,51.3,8,1006.9,0.57
2021-04-30,52.5,83.1,8.6,1004.2,0.6
2021-05-01,51.7,78.2,7,1005.5,0.64
2021-05-02,54.5,68.2,9,1015.6,0.67
2021-05-03,56.8,58.5,6.3,1018.1,0.7
2021-05-04,57.2,80.3,4.8,1010.5,0.75
2021-05-05,57.6,65.3,10.2,1011.5,0.77
2021-05-06,59.4,49.3,10.7,1015.9,0.81
2021-05-07,58.3,57.1,9.9,1006.5,0.84
2021-05-08,57.8,66.4,12.4,1004.5,0.87
2021-05-09,60.7,49.6,11.3,1009,0.91
2021-05-10,55.4,70.3,5.1,1013.3,0.94
2021-05-11,63.8,52.8,8.3,1013.3,0.98
2021-05-12,70.7,34.8,6.9,1012.1,0
2021-05-13,71.6,57.1,6.2,1011,0.05
2021-05-14,74,61.9,5.4,1010.8,0.08
2021-05-15,70.9,81.7,7.1,1006.7,0.11
2021-05-16,65.9,98.9,6.2,1001.2,0.15
2021-05-17,59.3,96.2,4.9,1006.4,0.18
2021-05-18,64,75.5,7,1010.4,0.22
2021-05-19,66.3,57.1,7.4,1011.6,0.25
2021-05-20,66.2,57.7,7.3,1005.9,0.25
2021-05-21,60.4,90.8,6.1,1005.2,0.32
2021-05-22,65.5,70.7,9.4,1010.6,0.35
2021-05-23,66.8,64.9,5.5,1010.9,0.39
2021-05-24,67.3,57.7,7.4,1007.8,0.42
2021-05-25,60.1,72.3,8.7,1006.9,0.45
2021-05-26,64.2,59.8,10.3,1007.8,0.5
2021-05-27,61,81.2,7.5,1001.7,0.52
2021-05-28,59.2,87.1,7.6,1001,0.56
2021-05-29,60.9,77.2,5.7,1006.1,0.59
2021-05-30,64.5,72.6,9.1,1008.8,0.62
2021-05-31,67.6,80.7,4.8,1010.9,0.66
2021-06-01,69.2,73.8,8.1,1013.6,0.69
2021-06-02,73.4,65.8,5.8,1012.6,0.75
2021-06-03,67.3,84.7,11.3,1005.1,0.76
2021-06-04,65,69.9,7.8,1001.7,0.79
2021-06-05,69.4,64.6,8.7,1000.7,0.82
2021-06-06,72.7,71.8,7.1,1006,0.86
2021-06-07,69.9,73.7,4.8,1013.3,0.89
2021-06-08,73.8,70.8,6.6,1015,0.92
2021-06-09,77.7,61.3,4.1,1014.5,0.96
2021-06-10,77.2,68.2,9.7,1011.1,0
2021-06-11,71.4,84.8,10.4,1009.5,0.02
2021-06-12,75.1,76.4,6.1,1011.7,0.06
2021-06-13,76.7,74.8,7.2,1008.4,0.09
2021-06-14,76.2,71.2,6,1005.6,0.13
2021-06-15,73.3,78.2,5.9,1004.2,0.16
2021-06-16,76.3,58.7,9.7,1005,0.2
2021-06-17,71.7,69.5,5.3,1006,0.23
2021-06-18,68.6,93,4.9,1001.6,0.25
2021-06-19,72.4,74.1,6.3,1001.1,0.3
2021-06-20,73.1,74.6,12.2,1000.6,0.34
2021-06-21,74.9,66.6,7.8,1003.9,0.37
2021-06-22,73.8,67.1,5.5,1007.9,0.41
2021-06-23,71.7,73.7,6.4,1010.1,0.44
2021-06-24,73.4,74,6.7,1011.2,0.48
2021-06-25,75,70.4,6.6,1010.6,0.5
2021-06-26,73.3,79.3,7.3,1010.4,0.54
2021-06-27,75.7,72.2,5.3,1007.4,0.58
2021-06-28,74,84,6.8,1005.2,0.61
2021-06-29,74.9,82.1,6,1005.2,0.64
2021-06-30,75.6,80.4,6.1,1006.7,0.68
2021-07-01,79.2,73.4,6,1006.5,0.71
2021-07-02,80.8,64.7,5.9,1008.2,0.75
2021-07-03,74.2,75.9,8.2,1006.8,0.77
2021-07-04,71,97,9.1,1003.5,0.81
2021-07-05,73.3,78.7,4.7,1009.7,0.84
2021-07-06,77.8,75.6,5.4,1006.8,0.87
2021-07-07,79.7,79.2,4.7,1007,0.9
2021-07-08,77.7,83.7,9.7,1005,0.94
2021-07-09,77.9,77.1,9.8,1005,0.97
2021-07-10,78.1,79.8,11.5,1007.2,0
2021-07-11,78.6,86.1,9.2,1009.7,0.04
2021-07-12,82.2,75.8,6.2,1009.8,0.07
2021-07-13,83.8,75.4,9.4,1009.4,0.11
2021-07-14,84.8,71.9,11.1,1011.6,0.14
2021-07-15,84.5,71.9,11.4,1014.2,0.18
2021-07-16,82.9,70.8,9.4,1014.4,0.22
2021-07-17,83,66.8,8.1,1012.1,0.25
2021-07-18,84.8,62,7.8,1011.1,0.29
2021-07-19,80.6,77.4,9,1013,0.32
2021-07-20,82.2,73.7,5.9,1014.2,0.36
2021-07-21,86.5,65.6,5.7,1012.7,0.39
2021-07-22,87.9,58.5,7.2,1010.8,0.43
2021-07-23,87.3,62.2,8.5,1009.1,0.46
2021-07-24,88.7,57.8,6.5,1008.1,0.5
2021-07-25,88.4,55.2,9.1,1006.4,0.53
2021-07-26,88.4,53.6,6.8,1004.5,0.57
2021-07-27,88,59.1,10.4,1002.7,0.6
2021-07-28,86.3,67.7,9.6,1002.3,0.63
2021-07-29,85.1,70.5,8.4,1001.7,0.66
2021-07-30,86.1,63.5,8.1,1000.2,0.69
2021-07-31,85.5,71.2,10.1,1000.3,0.75
2021-08-01,81.4,80.1,5.8,1000.6,0.76
2021-08-02,79.5,83.2,6.8,1002.9,0.79
2021-08-03,81.9,77.6,11.5,1007,0.82
2021-08-04,84.2,70.4,8.3,1008.4,0.86
2021-08-05,84.6,68,8.4,1006.2,0.89
2021-08-06,82.7,69.1,17.6,1003.6,0.92
2021-08-07,82.2,66.1,8,1003.1,0.95
2021-08-08,80.2,75.3,6.9,1003.1,0
2021-08-09,82.6,63.1,8.5,1002.8,0.02
2021-08-10,82,62,8.2,1006.8,0.06
2021-08-11,81.1,70.2,9,1009.8,0.09
2021-08-12,80.5,67.8,7.2,1009.4,0.13
2021-08-13,79.6,70.5,5.9,1006.5,0.16
2021-08-14,79.2,64.4,9.2,1007.4,0.2
2021-08-15,80.2,59.5,7.9,1013,0.24
2021-08-16,81.1,60.8,7.7,1013.9,0.25
2021-08-17,79.2,63.3,7.3,1010.2,0.31
2021-08-18,75.6,71.2,11.2,1010.1,0.34
2021-08-19,78.4,57.9,7.6,1011.2,0.38
2021-08-20,80,62,8.9,1011.2,0.41
2021-08-21,74.8,86.7,14,1003.2,0.45
2021-08-22,76,81.7,9.3,1007.4,0.5
2021-08-23,72.7,88.5,7,1009.1,0.52
2021-08-24,73.7,93.5,11.7,999.4,0.55
2021-08-25,76.8,86.3,6.6,1005.6,0.58
2021-08-26,77.5,85.4,10.9,1011.3,0.62
2021-08-27,73.2,83.8,5.3,1013,0.65
2021-08-28,73.9,80.8,7.1,1014.1,0.68
2021-08-29,74.8,81.6,6.7,1013.7,0.71
2021-08-30,75.6,78.1,5,1015.7,0.75
2021-08-31,69.3,91.1,9.3,1015,0.78
2021-09-01,70,84.9,9.2,1009.4,0.81
2021-09-02,73.9,70.3,6.7,1009.8,0.84
2021-09-03,76,61.6,7.3,1009.2,0.87
2021-09-04,73.6,57.7,7.9,1014.7,0.91
2021-09-05,73.3,60.1,10.3,1018,0.94
2021-09-06,72.5,67.1,11.1,1016.7,0.97
2021-09-07,67,97.6,8.6,1008.4,0
2021-09-08,72,81.8,7.4,1009.8,0.04
2021-09-09,74.1,77.1,5.3,1013.4,0.07
2021-09-10,74.4,75.6,8,1013,0.11
2021-09-11,75.1,73.5,10.2,1012.6,0.15
2021-09-12,75.6,64.7,8,1012.6,0.18
2021-09-13,76.3,67.5,7.3,1016,0.22
2021-09-14,76.3,63.4,10.5,1015.2,0.25
2021-09-15,74.6,57.5,12.1,1016,0.29
2021-09-16,72.9,60.5,9.5,1013.1,0.33
2021-09-17,74.3,61.8,11.6,1009.4,0.36
2021-09-18,74.7,64.2,6.9,1013.8,0.4
2021-09-19,74.8,64.4,5.7,1015.6,0.43
2021-09-20,74.2,63.4,13.5,1011.4,0.47
2021-09-21,72.4,82.2,13.7,1004.9,0.5
2021-09-22,68.4,79.9,12.2,1007.9,0.54
2021-09-23,69.3,67.4,11,1016,0.57
2021-09-24,71.1,67.7,8.3,1021.9,0.6
2021-09-25,69.9,72.6,6.5,1023.2,0.63
2021-09-26,72.7,64.4,7.3,1020.5,0.67
2021-09-27,70.7,65.4,8.1,1016.1,0.7
2021-09-28,70.6,73.6,6.7,1012.9,0.73
2021-09-29,68.6,93.4,9.1,1007.9,0.75
2021-09-30,68.2,84.1,5.1,1009.1,0.8
2021-10-01,70.2,75.2,8.9,1008.9,0.83
2021-10-02,68.9,77.3,6.8,1013,0.86
2021-10-03,71.9,70.8,9.6,1018.2,0.89
2021-10-04,72.6,79,11.4,1019,0.92
2021-10-05,75,81.8,12.5,1020,0.96
2021-10-06,66.4,91.7,8.2,1019.7,0
2021-10-07,67.2,84.9,6.4,1016.6,0.02
2021-10-08,65.6,90.9,6,1020.5,0.06
2021-10-09,69.4,83.3,7.1,1022,0.09
2021-10-10,68.5,88.9,9,1017.9,0.13
2021-10-11,59.2,78.9,7,1021.5,0.16
2021-10-12,64.3,66.7,11.9,1024.6,0.2
2021-10-13,66.9,66.1,7.9,1024,0.25
2021-10-14,67.6,73.6,8.2,1019.6,0.27
2021-10-15,66.2,74.6,6.8,1018,0.31
2021-10-16,53.1,48.6,11.9,1022.7,0.34
2021-10-17,42.1,38.2,13.7,1028.4,0.38
2021-10-18,48.3,56.7,6.3,1023.8,0.41
2021-10-19,52.3,74.3,12,1019.6,0.45
2021-10-20,49.1,64.4,7.1,1021.5,0.5
2021-10-21,49.4,63.6,7.7,1020.2,0.52
2021-10-22,51.3,59.7,10.8,1022.1,0.55
2021-10-23,52.4,57.3,5.4,1027.9,0.58
2021-10-24,52.1,64,6.7,1026.6,0.61
2021-10-25,52.8,64.5,6.6,1023.4,0.65
2021-10-26,54.9,73.5,5.7,1020.5,0.68
2021-10-27,56.5,65.1,8.3,1019.2,0.71
2021-10-28,54.6,54.4,6.7,1023,0.75
2021-10-29,57.9,55.1,7.6,1024.9,0.75
2021-10-30,56.8,61.9,6.5,1023.8,0.81
2021-10-31,57.2,72.1,5.5,1023.8,0.84
2021-11-01,55.3,77.5,6.4,1023.4,0.88
2021-11-02,52.8,75.6,6.3,1022.2,0.91
2021-11-03,53.4,70.6,6.4,1019.7,0.94
2021-11-04,53.9,79.6,4.9,1019.7,0.98
2021-11-05,55.2,70,5.6,1021.2,0
2021-11-06,57.2,61.6,5.4,1020.8,0.04
2021-11-07,58.9,57.9,7.8,1020.2,0.08
2021-11-08,49.1,79.5,14.9,1011.7,0.11
2021-11-09,41,81.7,8.9,1010.7,0.15
2021-11-10,39.4,72.7,10.7,1008.3,0.18
2021-11-11,41.7,61.8,11.3,1011.2,0.25
2021-11-12,40.3,56.5,11.5,1016.9,0.25
2021-11-13,44,65.5,5.8,1018.7,0.28
2021-11-14,52.2,68.8,10.8,1017.5,0.32
2021-11-15,50.2,71.6,6.3,1021.3,0.35
2021-11-16,47.5,66.6,7.4,1024.1,0.39
2021-11-17,45.3,63.9,6.8,1024.1,0.42
2021-11-18,52.5,69.2,7.2,1018.1,0.46
2021-11-19,55.6,83.6,7,1017.4,0.5
2021-11-20,50.8,78.6,6.1,1020.8,0.53
2021-11-21,51.1,73.2,9.9,1016.8,0.56
2021-11-22,38.2,64,15,1015.7,0.59
2021-11-23,31.2,60.5,10.9,1018.7,0.63
2021-11-24,38.4,63.6,9.1,1017.4,0.66
2021-11-25,42.7,56.6,9.2,1018.1,0.69
2021-11-26,37.3,56.5,8,1026.6,0.73
2021-11-27,37.8,54.1,6.3,1034,0.75
2021-11-28,40.5,53.1,5.2,1034.1,0.79
2021-11-29,45.2,59.6,5.9,1027.2,0.83
2021-11-30,43.3,81.1,13.7,1011.7,0.86
2021-12-01,30.4,51.2,13.7,1021.3,0.89
2021-12-02,33.4,66,10,1019.8,0.93
2021-12-03,36.2,55,10.9,1018.3,0.96
2021-12-04,34.3,49.8,8.6,1025.8,0
2021-12-05,37,49.4,5.7,1029.4,0.03
2021-12-06,41.3,60,5.5,1027.2,0.06
2021-12-07,44.4,67,4.5,1029.2,0.09
2021-12-08,44,70.1,4.4,1032.2,0.13
2021-12-09,43.2,70,6.4,1029.8,0.16
2021-12-10,44.9,79.5,6.8,1025.1,0.2
2021-12-11,42.8,84.3,7.1,1026.3,0.25
2021-12-12,35.4,64.4,12.3,1025.9,0.26
2021-12-13,27.8,43.6,8,1028.6,0.3
2021-12-14,37.9,61.6,6.2,1021.8,0.33
2021-12-15,45,85.3,6.2,1019.7,0.36
2021-12-16,43.5,72.3,9.2,1018.9,0.4
2021-12-17,24.1,50.5,16.3,1023.6,0.43
2021-12-18,20.7,59.7,6.7,1026.5,0.46
2021-12-19,30.5,65.6,9.6,1022.1,0.5
2021-12-20,40.4,76.3,9.6,1017.2,0.53
2021-12-21,42.2,73.8,8.4,1017,0.57
2021-12-22,35.9,46.7,7,1023.2,0.6
2021-12-23,36.6,54.7,5.1,1024.8,0.63
2021-12-24,32.9,67,10,1023,0.67
2021-12-25,12.1,42.5,11.4,1032.2,0.7
2021-12-26,10.1,43,9.8,1035,0.74
2021-12-27,17.7,58,6.1,1031.5,0.75
2021-12-28,24.3,74.2,6.6,1028.5,0.81
2021-12-29,32.8,73.5,11.6,1020,0.84
2021-12-30,25.7,49.6,10.5,1025,0.87
2021-12-31,20.5,35.5,10.8,1031.5,0.91
2022-01-01,23.5,44.3,5.5,1031.5,0.94
